,filepath,n_samples,channel,samplerate,duration,label
0,dataset/cat/1-47819-A-5.wav,220500,mono,44100,5.0,cat
1,dataset/cat/5-214759-B-5.wav,220500,mono,44100,5.0,cat
2,dataset/cat/4-161303-B-5.wav,220500,mono,44100,5.0,cat
3,dataset/cat/4-149940-B-5.wav,220500,mono,44100,5.0,cat
4,dataset/cat/1-47819-C-5.wav,220500,mono,44100,5.0,cat
5,dataset/cat/2-69131-A-5.wav,220500,mono,44100,5.0,cat
6,dataset/cat/5-256452-A-5.wav,220500,mono,44100,5.0,cat
7,dataset/cat/5-172639-A-5.wav,220500,mono,44100,5.0,cat
8,dataset/cat/3-95698-A-5.wav,220500,mono,44100,5.0,cat
9,dataset/cat/1-47819-B-5.wav,220500,mono,44100,5.0,cat
10,dataset/cat/4-161303-A-5.wav,220500,mono,44100,5.0,cat
11,dataset/cat/5-214759-A-5.wav,220500,mono,44100,5.0,cat
12,dataset/cat/5-259169-A-5.wav,220500,mono,44100,5.0,cat
13,dataset/cat/4-149940-A-5.wav,220500,mono,44100,5.0,cat
14,dataset/cat/3-146965-A-5.wav,220500,mono,44100,5.0,cat
15,dataset/cat/2-69131-B-5.wav,220500,mono,44100,5.0,cat
16,dataset/cat/3-146964-A-5.wav,220500,mono,44100,5.0,cat
17,dataset/cat/5-177614-A-5.wav,220500,mono,44100,5.0,cat
18,dataset/cat/1-79113-A-5.wav,220500,mono,44100,5.0,cat
19,dataset/cat/5-172299-A-5.wav,220500,mono,44100,5.0,cat
20,dataset/cat/5-169983-A-5.wav,220500,mono,44100,5.0,cat
21,dataset/cat/1-34094-A-5.wav,220500,mono,44100,5.0,cat
22,dataset/cat/1-56380-A-5.wav,220500,mono,44100,5.0,cat
23,dataset/cat/2-110011-A-5.wav,220500,mono,44100,5.0,cat
24,dataset/cat/3-95695-A-5.wav,220500,mono,44100,5.0,cat
25,dataset/cat/2-82274-B-5.wav,220500,mono,44100,5.0,cat
26,dataset/cat/2-110010-A-5.wav,220500,mono,44100,5.0,cat
27,dataset/cat/3-95694-A-5.wav,220500,mono,44100,5.0,cat
28,dataset/cat/4-133047-B-5.wav,220500,mono,44100,5.0,cat
29,dataset/cat/2-83934-A-5.wav,220500,mono,44100,5.0,cat
30,dataset/cat/3-146972-A-5.wav,220500,mono,44100,5.0,cat
31,dataset/cat/3-95695-B-5.wav,220500,mono,44100,5.0,cat
32,dataset/cat/4-120160-A-5.wav,220500,mono,44100,5.0,cat
33,dataset/cat/1-34094-B-5.wav,220500,mono,44100,5.0,cat
34,dataset/cat/1-56380-B-5.wav,220500,mono,44100,5.0,cat
35,dataset/cat/2-82274-A-5.wav,220500,mono,44100,5.0,cat
36,dataset/cat/2-83934-B-5.wav,220500,mono,44100,5.0,cat
37,dataset/cat/4-133047-A-5.wav,220500,mono,44100,5.0,cat
38,dataset/cat/3-95697-A-5.wav,220500,mono,44100,5.0,cat
39,dataset/cat/4-133047-C-5.wav,220500,mono,44100,5.0,cat
40,dataset/cat/cat_100.wav,20696,mono,16000,1.2935,cat
41,dataset/cat/cat_10.wav,150208,mono,16000,9.388,cat
42,dataset/cat/cat_11.wav,192000,mono,16000,12.0,cat
43,dataset/cat/cat_12.wav,179200,mono,16000,11.2,cat
44,dataset/cat/cat_13.wav,176000,mono,16000,11.0,cat
45,dataset/cat/cat_14.wav,185992,mono,16000,11.6245,cat
46,dataset/cat/cat_15.wav,47168,mono,16000,2.948,cat
47,dataset/cat/cat_16.wav,112128,mono,16000,7.008,cat
48,dataset/cat/cat_17.wav,24448,mono,16000,1.528,cat
49,dataset/cat/cat_18.wav,20992,mono,16000,1.312,cat
50,dataset/cat/cat_19.wav,20352,mono,16000,1.272,cat
51,dataset/cat/cat_1.wav,179200,mono,16000,11.2,cat
52,dataset/cat/cat_20.wav,28096,mono,16000,1.756,cat
53,dataset/cat/cat_21.wav,188800,mono,16000,11.8,cat
54,dataset/cat/cat_22.wav,164800,mono,16000,10.3,cat
55,dataset/cat/cat_23.wav,168000,mono,16000,10.5,cat
56,dataset/cat/cat_24.wav,51008,mono,16000,3.188,cat
57,dataset/cat/cat_25.wav,187200,mono,16000,11.7,cat
58,dataset/cat/cat_26.wav,75200,mono,16000,4.7,cat
59,dataset/cat/cat_27.wav,38400,mono,16000,2.4,cat
60,dataset/cat/cat_28.wav,192000,mono,16000,12.0,cat
61,dataset/cat/cat_29.wav,192000,mono,16000,12.0,cat
62,dataset/cat/cat_2.wav,192000,mono,16000,12.0,cat
63,dataset/cat/cat_30.wav,192000,mono,16000,12.0,cat
64,dataset/cat/cat_31.wav,210752,mono,16000,13.172,cat
65,dataset/cat/cat_32.wav,40543,mono,16000,2.5339375,cat
66,dataset/cat/cat_33.wav,67089,mono,16000,4.1930625,cat
67,dataset/cat/cat_34.wav,139968,mono,16000,8.748,cat
68,dataset/cat/cat_35.wav,176000,mono,16000,11.0,cat
69,dataset/cat/cat_36.wav,192000,mono,16000,12.0,cat
70,dataset/cat/cat_37.wav,192000,mono,16000,12.0,cat
71,dataset/cat/cat_38.wav,102912,mono,16000,6.432,cat
72,dataset/cat/cat_39.wav,172800,mono,16000,10.8,cat
73,dataset/cat/cat_3.wav,187200,mono,16000,11.7,cat
74,dataset/cat/cat_40.wav,192000,mono,16000,12.0,cat
75,dataset/cat/cat_41.wav,174400,mono,16000,10.9,cat
76,dataset/cat/cat_42.wav,192000,mono,16000,12.0,cat
77,dataset/cat/cat_43.wav,192000,mono,16000,12.0,cat
78,dataset/cat/cat_44.wav,192000,mono,16000,12.0,cat
79,dataset/cat/cat_45.wav,277440,mono,16000,17.34,cat
80,dataset/cat/cat_46.wav,185600,mono,16000,11.6,cat
81,dataset/cat/cat_47.wav,192000,mono,16000,12.0,cat
82,dataset/cat/cat_48.wav,188800,mono,16000,11.8,cat
83,dataset/cat/cat_49.wav,192000,mono,16000,12.0,cat
84,dataset/cat/cat_4.wav,25728,mono,16000,1.608,cat
85,dataset/cat/cat_50.wav,190400,mono,16000,11.9,cat
86,dataset/cat/cat_51.wav,192000,mono,16000,12.0,cat
87,dataset/cat/cat_52.wav,40960,mono,16000,2.56,cat
88,dataset/cat/cat_53.wav,18952,mono,16000,1.1845,cat
89,dataset/cat/cat_54.wav,17352,mono,16000,1.0845,cat
90,dataset/cat/cat_55.wav,14773,mono,16000,0.9233125,cat
91,dataset/cat/cat_56.wav,18463,mono,16000,1.1539375,cat
92,dataset/cat/cat_57.wav,192000,mono,16000,12.0,cat
93,dataset/cat/cat_58.wav,192000,mono,16000,12.0,cat
94,dataset/cat/cat_59.wav,192000,mono,16000,12.0,cat
95,dataset/cat/cat_5.wav,192000,mono,16000,12.0,cat
96,dataset/cat/cat_60.wav,216921,mono,16000,13.5575625,cat
97,dataset/cat/cat_61.wav,155200,mono,16000,9.7,cat
98,dataset/cat/cat_62.wav,192000,mono,16000,12.0,cat
99,dataset/cat/cat_63.wav,192000,mono,16000,12.0,cat
100,dataset/cat/cat_64.wav,187200,mono,16000,11.7,cat
101,dataset/cat/cat_65.wav,152000,mono,16000,9.5,cat
102,dataset/cat/cat_66.wav,45568,mono,16000,2.848,cat
103,dataset/cat/cat_67.wav,15752,mono,16000,0.9845,cat
104,dataset/cat/cat_68.wav,37774,mono,16000,2.360875,cat
105,dataset/cat/cat_69.wav,283008,mono,16000,17.688,cat
106,dataset/cat/cat_6.wav,184000,mono,16000,11.5,cat
107,dataset/cat/cat_70.wav,20928,mono,16000,1.308,cat
108,dataset/cat/cat_71.wav,135808,mono,16000,8.488,cat
109,dataset/cat/cat_72.wav,190400,mono,16000,11.9,cat
110,dataset/cat/cat_73.wav,192000,mono,16000,12.0,cat
111,dataset/cat/cat_74.wav,99200,mono,16000,6.2,cat
112,dataset/cat/cat_75.wav,50368,mono,16000,3.148,cat
113,dataset/cat/cat_76.wav,31104,mono,16000,1.944,cat
114,dataset/cat/cat_77.wav,48704,mono,16000,3.044,cat
115,dataset/cat/cat_78.wav,240000,mono,16000,15.0,cat
116,dataset/cat/cat_79.wav,214208,mono,16000,13.388,cat
117,dataset/cat/cat_7.wav,190400,mono,16000,11.9,cat
118,dataset/cat/cat_80.wav,190400,mono,16000,11.9,cat
119,dataset/cat/cat_81.wav,192000,mono,16000,12.0,cat
120,dataset/cat/cat_82.wav,192000,mono,16000,12.0,cat
121,dataset/cat/cat_83.wav,31765,mono,16000,1.9853125,cat
122,dataset/cat/cat_84.wav,145920,mono,16000,9.12,cat
123,dataset/cat/cat_85.wav,17408,mono,16000,1.088,cat
124,dataset/cat/cat_86.wav,28352,mono,16000,1.772,cat
125,dataset/cat/cat_87.wav,155200,mono,16000,9.7,cat
126,dataset/cat/cat_88.wav,187200,mono,16000,11.7,cat
127,dataset/cat/cat_89.wav,172800,mono,16000,10.8,cat
128,dataset/cat/cat_8.wav,23808,mono,16000,1.488,cat
129,dataset/cat/cat_90.wav,195456,mono,16000,12.216,cat
130,dataset/cat/cat_91.wav,18752,mono,16000,1.172,cat
131,dataset/cat/cat_92.wav,17973,mono,16000,1.1233125,cat
132,dataset/cat/cat_93.wav,28840,mono,16000,1.8025,cat
133,dataset/cat/cat_94.wav,190400,mono,16000,11.9,cat
134,dataset/cat/cat_95.wav,192000,mono,16000,12.0,cat
135,dataset/cat/cat_96.wav,192000,mono,16000,12.0,cat
136,dataset/cat/cat_97.wav,184000,mono,16000,11.5,cat
137,dataset/cat/cat_98.wav,192000,mono,16000,12.0,cat
138,dataset/cat/cat_99.wav,192000,mono,16000,12.0,cat
139,dataset/cat/cat_9.wav,15680,mono,16000,0.98,cat
140,dataset/cat/cat_101.wav,184000,mono,16000,11.5,cat
141,dataset/cat/cat_102.wav,182400,mono,16000,11.4,cat
142,dataset/cat/cat_103.wav,192000,mono,16000,12.0,cat
143,dataset/cat/cat_104.wav,20352,mono,16000,1.272,cat
144,dataset/cat/cat_105.wav,190400,mono,16000,11.9,cat
145,dataset/cat/cat_106.wav,192000,mono,16000,12.0,cat
146,dataset/cat/cat_107.wav,192000,mono,16000,12.0,cat
147,dataset/cat/cat_108.wav,30583,mono,16000,1.9114375,cat
148,dataset/cat/cat_109.wav,93696,mono,16000,5.856,cat
149,dataset/cat/cat_110.wav,20352,mono,16000,1.272,cat
150,dataset/cat/cat_111.wav,52890,mono,22050,2.398639455782313,cat
151,dataset/cat/cat_112.wav,287616,mono,16000,17.976,cat
152,dataset/cat/cat_113.wav,79296,mono,16000,4.956,cat
153,dataset/cat/cat_114.wav,132291,mono,16000,8.2681875,cat
154,dataset/cat/cat_115.wav,233408,mono,16000,14.588,cat
155,dataset/cat/cat_116.wav,190400,mono,16000,11.9,cat
156,dataset/cat/cat_117.wav,177600,mono,16000,11.1,cat
157,dataset/cat/cat_118.wav,134400,mono,16000,8.4,cat
158,dataset/cat/cat_119.wav,69056,mono,16000,4.316,cat
159,dataset/cat/cat_120.wav,32192,mono,16000,2.012,cat
160,dataset/cat/cat_121.wav,66432,mono,16000,4.152,cat
161,dataset/cat/cat_122.wav,85888,mono,16000,5.368,cat
162,dataset/cat/cat_123.wav,100992,mono,16000,6.312,cat
163,dataset/cat/cat_124.wav,17280,mono,16000,1.08,cat
164,dataset/cat/cat_125.wav,127315,mono,16000,7.9571875,cat
165,dataset/cat/cat_126.wav,192000,mono,16000,12.0,cat
166,dataset/cat/cat_127.wav,168000,mono,16000,10.5,cat
167,dataset/cat/cat_128.wav,182400,mono,16000,11.4,cat
168,dataset/cat/cat_129.wav,89098,mono,16000,5.568625,cat
169,dataset/cat/cat_130.wav,19968,mono,16000,1.248,cat
170,dataset/cat/cat_131.wav,25344,mono,16000,1.584,cat
171,dataset/cat/cat_132.wav,243072,mono,16000,15.192,cat
172,dataset/cat/cat_133.wav,22152,mono,16000,1.3845,cat
173,dataset/cat/cat_134.wav,20063,mono,16000,1.2539375,cat
174,dataset/cat/cat_135.wav,19227,mono,16000,1.2016875,cat
175,dataset/cat/cat_136.wav,94342,mono,16000,5.896375,cat
176,dataset/cat/cat_137.wav,16614,mono,16000,1.038375,cat
177,dataset/cat/cat_138.wav,19867,mono,16000,1.2416875,cat
178,dataset/cat/cat_139.wav,15067,mono,16000,0.9416875,cat
179,dataset/cat/cat_140.wav,15067,mono,16000,0.9416875,cat
180,dataset/cat/cat_141.wav,15067,mono,16000,0.9416875,cat
181,dataset/cat/cat_142.wav,63296,mono,16000,3.956,cat
182,dataset/cat/cat_143.wav,161792,mono,16000,10.112,cat
183,dataset/cat/cat_144.wav,79942,mono,16000,4.996375,cat
184,dataset/cat/cat_145.wav,14400,stereo,16000,0.9,cat
185,dataset/cat/cat_146.wav,192000,mono,16000,12.0,cat
186,dataset/cat/cat_147.wav,192000,mono,16000,12.0,cat
187,dataset/cat/cat_148.wav,192000,mono,16000,12.0,cat
188,dataset/cat/cat_149.wav,67200,mono,16000,4.2,cat
189,dataset/cat/cat_150.wav,33728,mono,16000,2.108,cat
190,dataset/cat/cat_151.wav,62592,mono,16000,3.912,cat
191,dataset/cat/cat_152.wav,188800,mono,16000,11.8,cat
192,dataset/cat/cat_153.wav,192000,mono,16000,12.0,cat
193,dataset/cat/cat_154.wav,162816,mono,16000,10.176,cat
194,dataset/cat/cat_155.wav,31104,mono,16000,1.944,cat
195,dataset/cat/cat_156.wav,33509,mono,16000,2.0943125,cat
196,dataset/cat/cat_157.wav,96000,mono,16000,6.0,cat
197,dataset/cat/cat_158.wav,24960,mono,16000,1.56,cat
198,dataset/cat/cat_159.wav,192000,mono,16000,12.0,cat
199,dataset/cat/cat_160.wav,192000,mono,16000,12.0,cat
200,dataset/cat/cat_161.wav,190400,mono,16000,11.9,cat
201,dataset/cat/cat_162.wav,192000,mono,16000,12.0,cat
202,dataset/cat/cat_163.wav,192000,mono,16000,12.0,cat
203,dataset/cat/cat_164.wav,163566,mono,16000,10.222875,cat
204,dataset/cat/cat_165.wav,182400,mono,16000,11.4,cat
205,dataset/cat/cat_166.wav,188800,mono,16000,11.8,cat
206,dataset/cat/cat_167.wav,192000,mono,16000,12.0,cat
207,dataset/cat/cat_168.wav,10368,mono,11025,0.9404081632653061,cat
208,dataset/cat/cat_169.wav,25120,mono,8000,3.14,cat
209,dataset/cat/cat_170.wav,4099,mono,8000,0.512375,cat
210,dataset/cat/cat_171.wav,38016,mono,16000,2.376,cat
211,dataset/cat/cat_172.wav,18104,mono,11025,1.6420861678004535,cat
212,dataset/cat/cat_173.wav,17409,mono,22050,0.7895238095238095,cat
213,dataset/cat/cat_174.wav,18104,mono,11025,1.6420861678004535,cat
214,dataset/cat/cat_175.wav,8768,mono,11025,0.7952834467120181,cat
215,dataset/cat/cat_176.wav,5495,mono,11025,0.4984126984126984,cat
216,dataset/cat/cat_177.wav,13353,mono,22050,0.605578231292517,cat
217,dataset/cat/cat_178.WAV,50321,mono,22050,2.2821315192743765,cat
218,dataset/cat/cat_179.wav,7506,mono,8000,0.93825,cat
219,dataset/cat/cat_180.wav,14400,stereo,16000,0.9,cat
220,dataset/cat/cat_181.wav,26193,mono,11025,2.3757823129251703,cat
221,dataset/cat/cat_182.wav,20736,mono,11025,1.8808163265306121,cat
222,dataset/cat/cat_183.wav,30311,mono,8000,3.788875,cat
223,dataset/cat/cat_184.wav,133445,mono,22050,6.051927437641723,cat
224,dataset/cat/cat_185.wav,126976,mono,22050,5.758548752834467,cat
225,dataset/cat/cat_186.wav,14400,stereo,16000,0.9,cat
226,dataset/cat/cat_187.wav,19008,stereo,16000,1.188,cat
227,dataset/cat/cat_188.wav,31580,mono,8000,3.9475,cat
228,dataset/cat/cat_189.wav,43635,mono,22050,1.9789115646258504,cat
229,dataset/cat/cat_190.wav,13353,mono,22050,0.605578231292517,cat
230,dataset/cat/cat_191.wav,22052,mono,22050,1.0000907029478459,cat
231,dataset/cat/cat_192.wav,14106,mono,8000,1.76325,cat
232,dataset/cat/cat_193.wav,13284,mono,11025,1.2048979591836735,cat
233,dataset/cat/cat_194.wav,74613,mono,11025,6.767619047619047,cat
234,dataset/cat/cat_195.wav,16536,mono,11025,1.4998639455782312,cat
235,dataset/cat/cat_196.wav,19437,mono,11025,1.7629931972789115,cat
236,dataset/cat/cat_197.wav,52890,mono,22050,2.398639455782313,cat
237,dataset/cat/cat_198.wav,19328,mono,22050,0.8765532879818594,cat
238,dataset/cat/cat_199.wav,32014,mono,22050,1.4518820861678003,cat
239,dataset/cat/cat_200.wav,17795,mono,22050,0.8070294784580498,cat
240,dataset/dog/3-170015-A-0.wav,220500,mono,44100,5.0,dog
241,dataset/dog/1-59513-A-0.wav,220500,mono,44100,5.0,dog
242,dataset/dog/2-122104-A-0.wav,220500,mono,44100,5.0,dog
243,dataset/dog/3-157695-A-0.wav,220500,mono,44100,5.0,dog
244,dataset/dog/2-114280-A-0.wav,220500,mono,44100,5.0,dog
245,dataset/dog/4-183992-A-0.wav,220500,mono,44100,5.0,dog
246,dataset/dog/2-117271-A-0.wav,220500,mono,44100,5.0,dog
247,dataset/dog/1-97392-A-0.wav,220500,mono,44100,5.0,dog
248,dataset/dog/4-199261-A-0.wav,220500,mono,44100,5.0,dog
249,dataset/dog/3-180256-A-0.wav,220500,mono,44100,5.0,dog
250,dataset/dog/4-184575-A-0.wav,220500,mono,44100,5.0,dog
251,dataset/dog/5-231762-A-0.wav,220500,mono,44100,5.0,dog
252,dataset/dog/2-122104-B-0.wav,220500,mono,44100,5.0,dog
253,dataset/dog/5-208030-A-0.wav,220500,mono,44100,5.0,dog
254,dataset/dog/5-9032-A-0.wav,220500,mono,44100,5.0,dog
255,dataset/dog/5-213855-A-0.wav,220500,mono,44100,5.0,dog
256,dataset/dog/1-85362-A-0.wav,220500,mono,44100,5.0,dog
257,dataset/dog/4-182395-A-0.wav,220500,mono,44100,5.0,dog
258,dataset/dog/4-207124-A-0.wav,220500,mono,44100,5.0,dog
259,dataset/dog/1-30344-A-0.wav,220500,mono,44100,5.0,dog
260,dataset/dog/5-217158-A-0.wav,220500,mono,44100,5.0,dog
261,dataset/dog/5-203128-B-0.wav,220500,mono,44100,5.0,dog
262,dataset/dog/3-144028-A-0.wav,220500,mono,44100,5.0,dog
263,dataset/dog/2-118964-A-0.wav,220500,mono,44100,5.0,dog
264,dataset/dog/1-110389-A-0.wav,220500,mono,44100,5.0,dog
265,dataset/dog/4-191687-A-0.wav,220500,mono,44100,5.0,dog
266,dataset/dog/3-155312-A-0.wav,220500,mono,44100,5.0,dog
267,dataset/dog/3-136288-A-0.wav,220500,mono,44100,5.0,dog
268,dataset/dog/5-212454-A-0.wav,220500,mono,44100,5.0,dog
269,dataset/dog/1-100032-A-0.wav,220500,mono,44100,5.0,dog
270,dataset/dog/2-118072-A-0.wav,220500,mono,44100,5.0,dog
271,dataset/dog/5-203128-A-0.wav,220500,mono,44100,5.0,dog
272,dataset/dog/4-192236-A-0.wav,220500,mono,44100,5.0,dog
273,dataset/dog/1-30226-A-0.wav,220500,mono,44100,5.0,dog
274,dataset/dog/2-114587-A-0.wav,220500,mono,44100,5.0,dog
275,dataset/dog/3-163459-A-0.wav,220500,mono,44100,5.0,dog
276,dataset/dog/2-116400-A-0.wav,220500,mono,44100,5.0,dog
277,dataset/dog/4-194754-A-0.wav,220500,mono,44100,5.0,dog
278,dataset/dog/1-32318-A-0.wav,220500,mono,44100,5.0,dog
279,dataset/dog/3-180977-A-0.wav,220500,mono,44100,5.0,dog
280,dataset/dog/dog_100.wav,29665,mono,16000,1.8540625,dog
281,dataset/dog/dog_10.wav,39915,mono,16000,2.4946875,dog
282,dataset/dog/dog_11.wav,148753,mono,16000,9.2970625,dog
283,dataset/dog/dog_12.wav,49621,mono,16000,3.1013125,dog
284,dataset/dog/dog_13.wav,84360,mono,16000,5.2725,dog
285,dataset/dog/dog_14.wav,78265,mono,16000,4.8915625,dog
286,dataset/dog/dog_15.wav,78265,mono,16000,4.8915625,dog
287,dataset/dog/dog_16.wav,65115,mono,16000,4.0696875,dog
288,dataset/dog/dog_17.wav,49472,mono,16000,3.092,dog
289,dataset/dog/dog_18.wav,208081,mono,16000,13.0050625,dog
290,dataset/dog/dog_19.wav,62847,mono,16000,3.9279375,dog
291,dataset/dog/dog_1.wav,185600,mono,16000,11.6,dog
292,dataset/dog/dog_20.wav,131392,mono,16000,8.212,dog
293,dataset/dog/dog_21.wav,138865,mono,16000,8.6790625,dog
294,dataset/dog/dog_22.wav,45302,mono,16000,2.831375,dog
295,dataset/dog/dog_23.wav,188248,mono,16000,11.7655,dog
296,dataset/dog/dog_24.wav,119960,mono,16000,7.4975,dog
297,dataset/dog/dog_25.wav,239974,mono,16000,14.998375,dog
298,dataset/dog/dog_26.wav,145174,mono,16000,9.073375,dog
299,dataset/dog/dog_27.wav,31574,mono,16000,1.973375,dog
300,dataset/dog/dog_28.wav,242074,mono,16000,15.129625,dog
301,dataset/dog/dog_29.wav,109754,mono,16000,6.859625,dog
302,dataset/dog/dog_2.wav,190400,mono,16000,11.9,dog
303,dataset/dog/dog_30.wav,54649,mono,16000,3.4155625,dog
304,dataset/dog/dog_31.wav,47522,mono,16000,2.970125,dog
305,dataset/dog/dog_32.wav,42126,mono,16000,2.632875,dog
306,dataset/dog/dog_33.wav,61806,mono,16000,3.862875,dog
307,dataset/dog/dog_34.wav,60213,mono,16000,3.7633125,dog
308,dataset/dog/dog_35.wav,41497,mono,16000,2.5935625,dog
309,dataset/dog/dog_36.wav,108541,mono,16000,6.7838125,dog
310,dataset/dog/dog_37.wav,98710,mono,16000,6.169375,dog
311,dataset/dog/dog_38.wav,57959,mono,16000,3.6224375,dog
312,dataset/dog/dog_39.wav,34391,mono,16000,2.1494375,dog
313,dataset/dog/dog_3.wav,54400,mono,16000,3.4,dog
314,dataset/dog/dog_40.wav,30824,mono,16000,1.9265,dog
315,dataset/dog/dog_41.wav,43333,mono,16000,2.7083125,dog
316,dataset/dog/dog_42.wav,46405,mono,16000,2.9003125,dog
317,dataset/dog/dog_43.wav,49823,mono,16000,3.1139375,dog
318,dataset/dog/dog_44.wav,67389,mono,16000,4.2118125,dog
319,dataset/dog/dog_45.wav,72279,mono,16000,4.5174375,dog
320,dataset/dog/dog_46.wav,94733,mono,16000,5.9208125,dog
321,dataset/dog/dog_47.wav,75042,mono,16000,4.690125,dog
322,dataset/dog/dog_48.wav,64006,mono,16000,4.000375,dog
323,dataset/dog/dog_49.wav,54044,mono,16000,3.37775,dog
324,dataset/dog/dog_4.wav,115259,mono,16000,7.2036875,dog
325,dataset/dog/dog_50.wav,40433,mono,16000,2.5270625,dog
326,dataset/dog/dog_51.wav,61447,mono,16000,3.8404375,dog
327,dataset/dog/dog_52.wav,35924,mono,16000,2.24525,dog
328,dataset/dog/dog_53.wav,101280,mono,16000,6.33,dog
329,dataset/dog/dog_54.wav,60671,mono,16000,3.7919375,dog
330,dataset/dog/dog_55.wav,71843,mono,16000,4.4901875,dog
331,dataset/dog/dog_56.wav,49030,mono,16000,3.064375,dog
332,dataset/dog/dog_57.wav,41730,mono,16000,2.608125,dog
333,dataset/dog/dog_58.wav,61120,mono,16000,3.82,dog
334,dataset/dog/dog_59.wav,59476,mono,16000,3.71725,dog
335,dataset/dog/dog_5.wav,165550,mono,16000,10.346875,dog
336,dataset/dog/dog_60.wav,37037,mono,16000,2.3148125,dog
337,dataset/dog/dog_61.wav,51420,mono,16000,3.21375,dog
338,dataset/dog/dog_62.wav,57202,mono,16000,3.575125,dog
339,dataset/dog/dog_63.wav,63311,mono,16000,3.9569375,dog
340,dataset/dog/dog_64.wav,55532,mono,16000,3.47075,dog
341,dataset/dog/dog_65.wav,62337,mono,16000,3.8960625,dog
342,dataset/dog/dog_66.wav,45005,mono,16000,2.8128125,dog
343,dataset/dog/dog_67.wav,41032,mono,16000,2.5645,dog
344,dataset/dog/dog_68.wav,81194,mono,16000,5.074625,dog
345,dataset/dog/dog_69.wav,66567,mono,16000,4.1604375,dog
346,dataset/dog/dog_6.wav,116627,mono,16000,7.2891875,dog
347,dataset/dog/dog_70.wav,62121,mono,16000,3.8825625,dog
348,dataset/dog/dog_71.wav,87830,mono,16000,5.489375,dog
349,dataset/dog/dog_72.wav,52180,mono,16000,3.26125,dog
350,dataset/dog/dog_73.wav,36044,mono,16000,2.25275,dog
351,dataset/dog/dog_74.wav,30038,mono,16000,1.877375,dog
352,dataset/dog/dog_75.wav,41491,mono,16000,2.5931875,dog
353,dataset/dog/dog_76.wav,31774,mono,16000,1.985875,dog
354,dataset/dog/dog_77.wav,40590,mono,16000,2.536875,dog
355,dataset/dog/dog_78.wav,68971,mono,16000,4.3106875,dog
356,dataset/dog/dog_79.wav,71311,mono,16000,4.4569375,dog
357,dataset/dog/dog_7.wav,71378,mono,16000,4.461125,dog
358,dataset/dog/dog_80.wav,50701,mono,16000,3.1688125,dog
359,dataset/dog/dog_81.wav,46686,mono,16000,2.917875,dog
360,dataset/dog/dog_82.wav,52693,mono,16000,3.2933125,dog
361,dataset/dog/dog_83.wav,44081,mono,16000,2.7550625,dog
362,dataset/dog/dog_84.wav,37317,mono,16000,2.3323125,dog
363,dataset/dog/dog_85.wav,73483,mono,16000,4.5926875,dog
364,dataset/dog/dog_86.wav,30866,mono,16000,1.929125,dog
365,dataset/dog/dog_87.wav,30764,mono,16000,1.92275,dog
366,dataset/dog/dog_88.wav,27726,mono,16000,1.732875,dog
367,dataset/dog/dog_89.wav,25423,mono,16000,1.5889375,dog
368,dataset/dog/dog_8.wav,16251,mono,16000,1.0156875,dog
369,dataset/dog/dog_90.wav,184000,mono,16000,11.5,dog
370,dataset/dog/dog_91.wav,192000,mono,16000,12.0,dog
371,dataset/dog/dog_92.wav,180800,mono,16000,11.3,dog
372,dataset/dog/dog_93.wav,150400,mono,16000,9.4,dog
373,dataset/dog/dog_94.wav,117355,mono,16000,7.3346875,dog
374,dataset/dog/dog_95.wav,33331,mono,16000,2.0831875,dog
375,dataset/dog/dog_96.wav,190059,mono,16000,11.8786875,dog
376,dataset/dog/dog_97.wav,251509,mono,16000,15.7193125,dog
377,dataset/dog/dog_98.wav,98128,mono,16000,6.133,dog
378,dataset/dog/dog_99.wav,168615,mono,16000,10.5384375,dog
379,dataset/dog/dog_9.wav,28219,mono,16000,1.7636875,dog
380,dataset/dog/dog_101.wav,47927,mono,16000,2.9954375,dog
381,dataset/dog/dog_102.wav,34599,mono,16000,2.1624375,dog
382,dataset/dog/dog_103.wav,21144,mono,16000,1.3215,dog
383,dataset/dog/dog_104.wav,164191,mono,16000,10.2619375,dog
384,dataset/dog/dog_105.wav,39584,mono,16000,2.474,dog
385,dataset/dog/dog_106.wav,106238,mono,16000,6.639875,dog
386,dataset/dog/dog_107.wav,271971,mono,16000,16.9981875,dog
387,dataset/dog/dog_108.wav,166347,mono,16000,10.3966875,dog
388,dataset/dog/dog_109.wav,118605,mono,16000,7.4128125,dog
389,dataset/dog/dog_110.wav,130240,mono,16000,8.14,dog
390,dataset/dog/dog_111.wav,33600,mono,16000,2.1,dog
391,dataset/dog/dog_112.wav,77834,mono,16000,4.864625,dog
392,dataset/dog/dog_113.wav,275203,mono,16000,17.2001875,dog
393,dataset/dog/dog_114.wav,155136,stereo,44100,3.517823129251701,dog
394,dataset/dog/dog_115.wav,147456,stereo,44100,3.3436734693877552,dog
395,dataset/dog/dog_116.WAV,114688,mono,22050,5.201269841269841,dog
396,dataset/dog/dog_117.wav,27648,stereo,16000,1.728,dog
397,dataset/dog/dog_118.wav,27648,stereo,16000,1.728,dog
398,dataset/dog/dog_119.wav,16128,stereo,16000,1.008,dog
399,dataset/dog/dog_120.wav,16128,mono,11025,1.4628571428571429,dog
400,dataset/dog/dog_121.wav,3072,mono,11025,0.2786394557823129,dog
401,dataset/dog/dog_122.wav,45820,mono,11025,4.156009070294784,dog
402,dataset/dog/dog_123.wav,9216,mono,11025,0.8359183673469388,dog
403,dataset/dog/dog_124.wav,13248,mono,24000,0.552,dog
404,dataset/dog/dog_125.wav,48384,mono,11025,4.388571428571429,dog
405,dataset/dog/dog_126.wav,23740,mono,22050,1.0766439909297052,dog
406,dataset/dog/dog_127.wav,56540,mono,8000,7.0675,dog
407,dataset/dog/dog_128.wav,2366,mono,8000,0.29575,dog
408,dataset/dog/dog_129.wav,8096,mono,11025,0.7343310657596371,dog
409,dataset/dog/dog_130.wav,15602,mono,11025,1.4151473922902493,dog
410,dataset/dog/dog_131.wav,46135,mono,11025,4.184580498866213,dog
411,dataset/dog/dog_132.wav,14352,mono,8000,1.794,dog
412,dataset/dog/dog_133.wav,46135,mono,11025,4.184580498866213,dog
413,dataset/dog/dog_134.WAV,118528,mono,22050,5.375419501133787,dog
414,dataset/dog/dog_135.WAV,54272,mono,22050,2.461315192743764,dog
415,dataset/dog/dog_136.wav,20713,mono,22050,0.9393650793650794,dog
416,dataset/dog/dog_137.wav,115129,mono,22257,5.172709709304938,dog
417,dataset/dog/dog_138.wav,16128,mono,11025,1.4628571428571429,dog
418,dataset/dog/dog_139.wav,90432,stereo,16000,5.652,dog
419,dataset/dog/dog_140.wav,13301,mono,22050,0.6032199546485261,dog
420,dataset/dog/dog_141.wav,9216,mono,11025,0.8359183673469388,dog
421,dataset/dog/dog_142.wav,38016,stereo,16000,2.376,dog
422,dataset/dog/dog_143.wav,62839,mono,11025,5.69968253968254,dog
423,dataset/dog/dog_144.wav,93968,mono,11025,8.523174603174603,dog
424,dataset/dog/dog_145.wav,31438,mono,11025,2.8515192743764173,dog
425,dataset/dog/dog_146.wav,84393,mono,11025,7.65469387755102,dog
426,dataset/dog/dog_147.wav,35107,mono,22050,1.5921541950113378,dog
427,dataset/dog/dog_148.wav,49020,mono,11025,4.446258503401361,dog
428,dataset/dog/dog_149.wav,30210,stereo,48000,0.629375,dog
429,dataset/dog/dog_150.wav,13407,mono,11025,1.2160544217687075,dog
430,dataset/dog/dog_151.wav,5926,mono,11025,0.5375056689342403,dog
431,dataset/dog/dog_152.wav,30720,mono,11127,2.7608519816662174,dog
432,dataset/dog/dog_153.wav,3599,mono,8000,0.449875,dog
433,dataset/dog/dog_154.wav,234432,mono,24000,9.768,dog
434,dataset/dog/dog_155.wav,17856,mono,22050,0.809795918367347,dog
435,dataset/dog/dog_156.wav,17280,mono,22050,0.7836734693877551,dog
436,dataset/dog/dog_157.wav,25344,mono,22050,1.1493877551020408,dog
437,dataset/dog/dog_158.wav,20344,mono,22050,0.9226303854875283,dog
438,dataset/dog/dog_159.wav,16239,mono,11025,1.4729251700680273,dog
439,dataset/dog/dog_160.wav,16239,mono,11025,1.4729251700680273,dog
440,dataset/dog/dog_161.WAV,93184,mono,22050,4.2260317460317465,dog
441,dataset/dog/dog_162.WAV,205824,mono,22050,9.334421768707482,dog
442,dataset/dog/dog_163.WAV,12474,mono,11025,1.1314285714285715,dog
443,dataset/dog/dog_164.wav,25636,mono,22050,1.1626303854875284,dog
444,dataset/dog/dog_165.wav,88788,stereo,11025,8.053333333333333,dog
445,dataset/dog/dog_166.wav,12096,stereo,16000,0.756,dog
446,dataset/dog/dog_167.wav,6650,mono,11025,0.6031746031746031,dog
447,dataset/dog/dog_168.wav,88273,stereo,44100,2.001655328798186,dog
448,dataset/dog/dog_169.wav,83863,stereo,44100,1.9016553287981859,dog
449,dataset/dog/dog_170.wav,13301,mono,22050,0.6032199546485261,dog
450,dataset/dog/dog_171.wav,92160,stereo,16000,5.76,dog
451,dataset/dog/dog_172.wav,9216,stereo,16000,0.576,dog
452,dataset/dog/dog_173.wav,12348,mono,8000,1.5435,dog
453,dataset/dog/dog_174.wav,67181,mono,22050,3.0467573696145123,dog
454,dataset/dog/dog_175.wav,53068,mono,22050,2.4067120181405897,dog
455,dataset/dog/dog_176.wav,39936,mono,22000,1.8152727272727274,dog
456,dataset/dog/dog_177.wav,3577,mono,11025,0.3244444444444444,dog
457,dataset/dog/dog_178.wav,210398,mono,22050,9.541859410430838,dog
458,dataset/dog/dog_179.wav,17752,mono,22050,0.8050793650793651,dog
459,dataset/dog/dog_180.wav,76032,mono,24000,3.168,dog
460,dataset/dog/dog_181.wav,60294,mono,11025,5.468843537414966,dog
461,dataset/dog/dog_182.wav,62468,stereo,44100,1.4165079365079365,dog
462,dataset/dog/dog_183.wav,61218,stereo,48000,1.275375,dog
463,dataset/dog/dog_184.wav,38160,stereo,48000,0.795,dog
464,dataset/dog/dog_185.wav,34994,mono,16000,2.187125,dog
465,dataset/dog/dog_186.WAV,7118,mono,22050,0.32281179138321997,dog
466,dataset/dog/dog_187.wav,196612,mono,44100,4.4583219954648525,dog
467,dataset/dog/dog_188.wav,8308,mono,11025,0.7535600907029478,dog
468,dataset/dog/dog_189.wav,10640,mono,44100,0.24126984126984127,dog
469,dataset/dog/dog_190.wav,5884,mono,22050,0.26684807256235826,dog
470,dataset/dog/dog_191.wav,35541,mono,8000,4.442625,dog
471,dataset/dog/dog_192.wav,6644,mono,11025,0.6026303854875283,dog
472,dataset/dog/dog_193.WAV,17694,mono,22050,0.8024489795918367,dog
473,dataset/dog/dog_194.wav,10640,mono,44100,0.24126984126984127,dog
474,dataset/dog/dog_195.wav,8576,mono,11025,0.7778684807256235,dog
475,dataset/dog/dog_196.WAV,6002,mono,11025,0.5443990929705216,dog
476,dataset/dog/dog_197.wav,14896,mono,11025,1.3511111111111112,dog
477,dataset/dog/dog_198.wav,44478,mono,11025,4.034285714285715,dog
478,dataset/dog/dog_199.wav,35539,mono,8000,4.442375,dog
479,dataset/dog/dog_200.wav,28657,mono,11025,2.5992743764172337,dog
480,dataset/sheep/5-200329-B-8.wav,220500,mono,44100,5.0,sheep
481,dataset/sheep/4-188703-D-8.wav,220500,mono,44100,5.0,sheep
482,dataset/sheep/1-49409-B-8.wav,220500,mono,44100,5.0,sheep
483,dataset/sheep/4-196672-A-8.wav,220500,mono,44100,5.0,sheep
484,dataset/sheep/1-196660-A-8.wav,220500,mono,44100,5.0,sheep
485,dataset/sheep/3-197408-C-8.wav,220500,mono,44100,5.0,sheep
486,dataset/sheep/1-88574-A-8.wav,220500,mono,44100,5.0,sheep
487,dataset/sheep/4-196671-B-8.wav,220500,mono,44100,5.0,sheep
488,dataset/sheep/4-188703-B-8.wav,220500,mono,44100,5.0,sheep
489,dataset/sheep/3-197408-A-8.wav,220500,mono,44100,5.0,sheep
490,dataset/sheep/5-200329-C-8.wav,220500,mono,44100,5.0,sheep
491,dataset/sheep/3-20861-A-8.wav,220500,mono,44100,5.0,sheep
492,dataset/sheep/1-49409-A-8.wav,220500,mono,44100,5.0,sheep
493,dataset/sheep/5-200329-A-8.wav,220500,mono,44100,5.0,sheep
494,dataset/sheep/4-250864-A-8.wav,220500,mono,44100,5.0,sheep
495,dataset/sheep/5-61635-A-8.wav,220500,mono,44100,5.0,sheep
496,dataset/sheep/4-188703-C-8.wav,220500,mono,44100,5.0,sheep
497,dataset/sheep/1-196660-B-8.wav,220500,mono,44100,5.0,sheep
498,dataset/sheep/3-197408-B-8.wav,220500,mono,44100,5.0,sheep
499,dataset/sheep/4-188703-A-8.wav,220500,mono,44100,5.0,sheep
500,dataset/sheep/4-196671-A-8.wav,220500,mono,44100,5.0,sheep
501,dataset/sheep/2-182508-B-8.wav,220500,mono,44100,5.0,sheep
502,dataset/sheep/2-119161-B-8.wav,220500,mono,44100,5.0,sheep
503,dataset/sheep/2-196688-A-8.wav,220500,mono,44100,5.0,sheep
504,dataset/sheep/1-121951-A-8.wav,220500,mono,44100,5.0,sheep
505,dataset/sheep/1-57795-A-8.wav,220500,mono,44100,5.0,sheep
506,dataset/sheep/5-198891-A-8.wav,220500,mono,44100,5.0,sheep
507,dataset/sheep/3-140199-A-8.wav,220500,mono,44100,5.0,sheep
508,dataset/sheep/5-198891-C-8.wav,220500,mono,44100,5.0,sheep
509,dataset/sheep/3-140199-C-8.wav,220500,mono,44100,5.0,sheep
510,dataset/sheep/2-110614-A-8.wav,220500,mono,44100,5.0,sheep
511,dataset/sheep/3-140199-D-8.wav,220500,mono,44100,5.0,sheep
512,dataset/sheep/5-198891-D-8.wav,220500,mono,44100,5.0,sheep
513,dataset/sheep/2-119161-A-8.wav,220500,mono,44100,5.0,sheep
514,dataset/sheep/1-75190-A-8.wav,220500,mono,44100,5.0,sheep
515,dataset/sheep/2-182508-A-8.wav,220500,mono,44100,5.0,sheep
516,dataset/sheep/2-119161-C-8.wav,220500,mono,44100,5.0,sheep
517,dataset/sheep/3-140199-B-8.wav,220500,mono,44100,5.0,sheep
518,dataset/sheep/5-198891-B-8.wav,220500,mono,44100,5.0,sheep
519,dataset/sheep/2-110614-B-8.wav,220500,mono,44100,5.0,sheep
520,dataset/sheep/koyun_10.wav,8155,mono,8000,1.019375,sheep
521,dataset/sheep/koyun_11.wav,86460,stereo,44100,1.9605442176870749,sheep
522,dataset/sheep/koyun_12.wav,17515,mono,8000,2.189375,sheep
523,dataset/sheep/koyun_13.wav,57345,stereo,44100,1.3003401360544218,sheep
524,dataset/sheep/koyun_14.wav,256512,stereo,44100,5.8165986394557825,sheep
525,dataset/sheep/koyun_15.wav,13375,mono,11025,1.2131519274376417,sheep
526,dataset/sheep/koyun_16.wav,5016,mono,11025,0.4549659863945578,sheep
527,dataset/sheep/koyun_17.wav,11616,mono,11025,1.0536054421768708,sheep
528,dataset/sheep/koyun_18.wav,48856,mono,44100,1.1078458049886621,sheep
529,dataset/sheep/koyun_19.wav,6024,mono,8000,0.753,sheep
530,dataset/sheep/koyun_1.wav,12519,mono,11025,1.1355102040816327,sheep
531,dataset/sheep/koyun_20.wav,29952,mono,24000,1.248,sheep
532,dataset/sheep/koyun_21.wav,11616,mono,11025,1.0536054421768708,sheep
533,dataset/sheep/koyun_22.wav,28632,mono,22050,1.2985034013605443,sheep
534,dataset/sheep/koyun_23.wav,66602,mono,8000,8.32525,sheep
535,dataset/sheep/koyun_24.wav,34558,mono,11025,3.134512471655329,sheep
536,dataset/sheep/koyun_25.wav,7808,mono,11025,0.7082086167800453,sheep
537,dataset/sheep/koyun_26.wav,23441,mono,22050,1.0630839002267574,sheep
538,dataset/sheep/koyun_27.wav,23441,mono,22050,1.0630839002267574,sheep
539,dataset/sheep/koyun_28.wav,35468,mono,11025,3.2170521541950112,sheep
540,dataset/sheep/koyun_29.wav,29504,mono,11025,2.6760997732426306,sheep
541,dataset/sheep/koyun_2.wav,12880,mono,11025,1.1682539682539683,sheep
542,dataset/sheep/koyun_30.wav,57276,mono,11025,5.195102040816327,sheep
543,dataset/sheep/koyun_31.wav,9219,mono,11025,0.8361904761904762,sheep
544,dataset/sheep/koyun_32.wav,16880,mono,11025,1.5310657596371882,sheep
545,dataset/sheep/koyun_33.wav,14553,mono,11025,1.32,sheep
546,dataset/sheep/koyun_34.wav,185344,mono,22255,8.328195911031228,sheep
547,dataset/sheep/koyun_35.wav,47188,mono,11025,4.280090702947846,sheep
548,dataset/sheep/koyun_36.wav,24755,mono,22050,1.1226757369614513,sheep
549,dataset/sheep/koyun_37.wav,8155,mono,8000,1.019375,sheep
550,dataset/sheep/koyun_38.wav,24755,mono,22050,1.1226757369614513,sheep
551,dataset/sheep/koyun_39.wav,21856,mono,22050,0.9912018140589569,sheep
552,dataset/sheep/koyun_3.wav,96088,mono,11025,8.71546485260771,sheep
553,dataset/sheep/koyun_40.wav,26498,mono,21276,1.2454408723444257,sheep
554,dataset/sheep/koyun_4.wav,17777,mono,8000,2.222125,sheep
555,dataset/sheep/koyun_5.wav,36186,mono,11025,3.2821768707482994,sheep
556,dataset/sheep/koyun_6.wav,4628,mono,8000,0.5785,sheep
557,dataset/sheep/koyun_7.wav,62648,mono,11025,5.682358276643991,sheep
558,dataset/sheep/koyun_8.wav,36186,mono,11025,3.2821768707482994,sheep
559,dataset/sheep/koyun_9.wav,8360,mono,16393,0.5099737692917709,sheep
560,dataset/sheep/sheep_long.wav,2646000,stereo,44100,60.0,sheep
561,dataset/sheep/171149__esperar__sheep-3.mp3,34310,stereo,44100,0.7780045351473923,sheep
562,dataset/sheep/429871__julalvr__1-balando-hembra-16wav-1.wav,312060,stereo,44100,7.076190476190476,sheep
563,dataset/rooster/2-71162-A-1.wav,220500,mono,44100,5.0,rooster
564,dataset/rooster/5-200334-B-1.wav,220500,mono,44100,5.0,rooster
565,dataset/rooster/2-95258-B-1.wav,220500,mono,44100,5.0,rooster
566,dataset/rooster/2-96460-A-1.wav,220500,mono,44100,5.0,rooster
567,dataset/rooster/4-164064-B-1.wav,220500,mono,44100,5.0,rooster
568,dataset/rooster/3-134049-A-1.wav,220500,mono,44100,5.0,rooster
569,dataset/rooster/1-43382-A-1.wav,220500,mono,44100,5.0,rooster
570,dataset/rooster/2-95258-A-1.wav,220500,mono,44100,5.0,rooster
571,dataset/rooster/1-44831-A-1.wav,220500,mono,44100,5.0,rooster
572,dataset/rooster/5-233160-A-1.wav,220500,mono,44100,5.0,rooster
573,dataset/rooster/5-200334-A-1.wav,220500,mono,44100,5.0,rooster
574,dataset/rooster/2-100786-A-1.wav,220500,mono,44100,5.0,rooster
575,dataset/rooster/3-154957-A-1.wav,220500,mono,44100,5.0,rooster
576,dataset/rooster/4-164021-A-1.wav,220500,mono,44100,5.0,rooster
577,dataset/rooster/4-164064-C-1.wav,220500,mono,44100,5.0,rooster
578,dataset/rooster/1-26806-A-1.wav,220500,mono,44100,5.0,rooster
579,dataset/rooster/4-208021-A-1.wav,220500,mono,44100,5.0,rooster
580,dataset/rooster/2-95035-A-1.wav,220500,mono,44100,5.0,rooster
581,dataset/rooster/4-164064-A-1.wav,220500,mono,44100,5.0,rooster
582,dataset/rooster/3-116135-A-1.wav,220500,mono,44100,5.0,rooster
583,dataset/rooster/1-40730-A-1.wav,220500,mono,44100,5.0,rooster
584,dataset/rooster/1-27724-A-1.wav,220500,mono,44100,5.0,rooster
585,dataset/rooster/1-39923-A-1.wav,220500,mono,44100,5.0,rooster
586,dataset/rooster/1-34119-A-1.wav,220500,mono,44100,5.0,rooster
587,dataset/rooster/5-200339-A-1.wav,220500,mono,44100,5.0,rooster
588,dataset/rooster/5-234879-A-1.wav,220500,mono,44100,5.0,rooster
589,dataset/rooster/3-145382-A-1.wav,220500,mono,44100,5.0,rooster
590,dataset/rooster/4-170078-A-1.wav,220500,mono,44100,5.0,rooster
591,dataset/rooster/3-163288-A-1.wav,220500,mono,44100,5.0,rooster
592,dataset/rooster/5-194930-A-1.wav,220500,mono,44100,5.0,rooster
593,dataset/rooster/5-234879-B-1.wav,220500,mono,44100,5.0,rooster
594,dataset/rooster/1-34119-B-1.wav,220500,mono,44100,5.0,rooster
595,dataset/rooster/4-183487-A-1.wav,220500,mono,44100,5.0,rooster
596,dataset/rooster/2-65750-A-1.wav,220500,mono,44100,5.0,rooster
597,dataset/rooster/3-137152-A-1.wav,220500,mono,44100,5.0,rooster
598,dataset/rooster/3-149189-A-1.wav,220500,mono,44100,5.0,rooster
599,dataset/rooster/4-164859-A-1.wav,220500,mono,44100,5.0,rooster
600,dataset/rooster/3-107219-A-1.wav,220500,mono,44100,5.0,rooster
601,dataset/rooster/5-194930-B-1.wav,220500,mono,44100,5.0,rooster
602,dataset/rooster/2-81270-A-1.wav,220500,mono,44100,5.0,rooster
603,dataset/rooster/1-26806-A.ogg,220544,mono,44100,5.0009977324263035,rooster
604,dataset/rooster/1-27724-A.ogg,220544,mono,44100,5.0009977324263035,rooster
605,dataset/rooster/1-34119-A.ogg,220544,mono,44100,5.0009977324263035,rooster
606,dataset/rooster/1-34119-B.ogg,220544,mono,44100,5.0009977324263035,rooster
607,dataset/rooster/1-39923-A.ogg,220544,mono,44100,5.0009977324263035,rooster
608,dataset/rooster/1-40730-A.ogg,220544,mono,44100,5.0009977324263035,rooster
609,dataset/rooster/1-43382-A.ogg,220544,mono,44100,5.0009977324263035,rooster
610,dataset/rooster/1-44831-A.ogg,220544,mono,44100,5.0009977324263035,rooster
611,dataset/rooster/2-65750-A.ogg,220544,mono,44100,5.0009977324263035,rooster
612,dataset/rooster/2-71162-A.ogg,220544,mono,44100,5.0009977324263035,rooster
613,dataset/rooster/2-81270-A.ogg,220544,mono,44100,5.0009977324263035,rooster
614,dataset/rooster/2-95035-A.ogg,220544,mono,44100,5.0009977324263035,rooster
615,dataset/rooster/2-95258-A.ogg,220544,mono,44100,5.0009977324263035,rooster
616,dataset/rooster/2-95258-B.ogg,220544,mono,44100,5.0009977324263035,rooster
617,dataset/rooster/2-96460-A.ogg,220544,mono,44100,5.0009977324263035,rooster
618,dataset/rooster/2-100786-A.ogg,220544,mono,44100,5.0009977324263035,rooster
619,dataset/rooster/3-107219-A.ogg,220544,mono,44100,5.0009977324263035,rooster
620,dataset/rooster/3-116135-A.ogg,220544,mono,44100,5.0009977324263035,rooster
621,dataset/rooster/3-134049-A.ogg,220544,mono,44100,5.0009977324263035,rooster
622,dataset/rooster/3-137152-A.ogg,220544,mono,44100,5.0009977324263035,rooster
623,dataset/rooster/3-145382-A.ogg,220544,mono,44100,5.0009977324263035,rooster
624,dataset/rooster/3-149189-A.ogg,220544,mono,44100,5.0009977324263035,rooster
625,dataset/rooster/3-154957-A.ogg,220544,mono,44100,5.0009977324263035,rooster
626,dataset/rooster/3-163288-A.ogg,220544,mono,44100,5.0009977324263035,rooster
627,dataset/rooster/4-164021-A.ogg,220544,mono,44100,5.0009977324263035,rooster
628,dataset/rooster/4-164064-A.ogg,220544,mono,44100,5.0009977324263035,rooster
629,dataset/rooster/4-164064-B.ogg,220544,mono,44100,5.0009977324263035,rooster
630,dataset/rooster/4-164064-C.ogg,220544,mono,44100,5.0009977324263035,rooster
631,dataset/rooster/4-164859-A.ogg,220544,mono,44100,5.0009977324263035,rooster
632,dataset/rooster/4-170078-A.ogg,220544,mono,44100,5.0009977324263035,rooster
633,dataset/rooster/4-183487-A.ogg,220544,mono,44100,5.0009977324263035,rooster
634,dataset/rooster/4-208021-A.ogg,220544,mono,44100,5.0009977324263035,rooster
635,dataset/rooster/5-194930-A.ogg,220544,mono,44100,5.0009977324263035,rooster
636,dataset/rooster/5-194930-B.ogg,220544,mono,44100,5.0009977324263035,rooster
637,dataset/rooster/5-200334-A.ogg,220544,mono,44100,5.0009977324263035,rooster
638,dataset/rooster/5-200334-B.ogg,220544,mono,44100,5.0009977324263035,rooster
639,dataset/rooster/5-200339-A.ogg,220544,mono,44100,5.0009977324263035,rooster
640,dataset/rooster/5-233160-A.ogg,220544,mono,44100,5.0009977324263035,rooster
641,dataset/rooster/5-234879-A.ogg,220544,mono,44100,5.0009977324263035,rooster
642,dataset/rooster/5-234879-B.ogg,220544,mono,44100,5.0009977324263035,rooster
643,dataset/cow/3-160993-A-3.wav,220500,mono,44100,5.0,cow
644,dataset/cow/2-103424-A-3.wav,220500,mono,44100,5.0,cow
645,dataset/cow/3-124376-B-3.wav,220500,mono,44100,5.0,cow
646,dataset/cow/5-253085-B-3.wav,220500,mono,44100,5.0,cow
647,dataset/cow/3-126358-A-3.wav,220500,mono,44100,5.0,cow
648,dataset/cow/1-69641-A-3.wav,220500,mono,44100,5.0,cow
649,dataset/cow/5-242492-A-3.wav,220500,mono,44100,5.0,cow
650,dataset/cow/2-103427-A-3.wav,220500,mono,44100,5.0,cow
651,dataset/cow/1-58277-A-3.wav,220500,mono,44100,5.0,cow
652,dataset/cow/3-124376-A-3.wav,220500,mono,44100,5.0,cow
653,dataset/cow/2-103426-A-3.wav,220500,mono,44100,5.0,cow
654,dataset/cow/3-126358-B-3.wav,220500,mono,44100,5.0,cow
655,dataset/cow/5-253085-A-3.wav,220500,mono,44100,5.0,cow
656,dataset/cow/4-213915-B-3.wav,220500,mono,44100,5.0,cow
657,dataset/cow/5-194899-D-3.wav,220500,mono,44100,5.0,cow
658,dataset/cow/1-69422-A-3.wav,220500,mono,44100,5.0,cow
659,dataset/cow/4-181955-A-3.wav,220500,mono,44100,5.0,cow
660,dataset/cow/2-117795-B-3.wav,220500,mono,44100,5.0,cow
661,dataset/cow/1-202111-A-3.wav,220500,mono,44100,5.0,cow
662,dataset/cow/4-181955-C-3.wav,220500,mono,44100,5.0,cow
663,dataset/cow/5-202795-A-3.wav,220500,mono,44100,5.0,cow
664,dataset/cow/2-103423-A-3.wav,220500,mono,44100,5.0,cow
665,dataset/cow/3-152039-B-3.wav,220500,mono,44100,5.0,cow
666,dataset/cow/1-77160-A-3.wav,220500,mono,44100,5.0,cow
667,dataset/cow/4-174860-B-3.wav,220500,mono,44100,5.0,cow
668,dataset/cow/2-104877-A-3.wav,220500,mono,44100,5.0,cow
669,dataset/cow/5-194899-B-3.wav,220500,mono,44100,5.0,cow
670,dataset/cow/1-81269-A-3.wav,220500,mono,44100,5.0,cow
671,dataset/cow/2-117795-A-3.wav,220500,mono,44100,5.0,cow
672,dataset/cow/4-181955-B-3.wav,220500,mono,44100,5.0,cow
673,dataset/cow/4-213915-A-3.wav,220500,mono,44100,5.0,cow
674,dataset/cow/3-152039-A-3.wav,220500,mono,44100,5.0,cow
675,dataset/cow/1-77241-A-3.wav,220500,mono,44100,5.0,cow
676,dataset/cow/4-213915-C-3.wav,220500,mono,44100,5.0,cow
677,dataset/cow/5-194899-A-3.wav,220500,mono,44100,5.0,cow
678,dataset/cow/2-103428-A-3.wav,220500,mono,44100,5.0,cow
679,dataset/cow/4-174860-A-3.wav,220500,mono,44100,5.0,cow
680,dataset/cow/3-163727-A-3.wav,220500,mono,44100,5.0,cow
681,dataset/cow/1-16568-A-3.wav,220500,mono,44100,5.0,cow
682,dataset/cow/5-194899-C-3.wav,220500,mono,44100,5.0,cow
683,dataset/cow/inek_10.wav,28288,mono,22050,1.2829024943310658,cow
684,dataset/cow/inek_11.wav,51215,mono,11025,4.6453514739229025,cow
685,dataset/cow/inek_12.wav,17269,mono,11025,1.5663492063492064,cow
686,dataset/cow/inek_13.wav,18432,mono,11025,1.6718367346938776,cow
687,dataset/cow/inek_14.wav,37131,mono,8000,4.641375,cow
688,dataset/cow/inek_15.wav,50828,mono,22050,2.305124716553288,cow
689,dataset/cow/inek_16.wav,12672,mono,11025,1.1493877551020408,cow
690,dataset/cow/inek_17.wav,18301,mono,8000,2.287625,cow
691,dataset/cow/inek_18.wav,35104,mono,22050,1.5920181405895693,cow
692,dataset/cow/inek_19.wav,12574,mono,8000,1.57175,cow
693,dataset/cow/inek_1.wav,13856,mono,11025,1.256780045351474,cow
694,dataset/cow/inek_20.wav,16206,mono,11025,1.4699319727891156,cow
695,dataset/cow/inek_21.wav,13132,mono,8000,1.6415,cow
696,dataset/cow/inek_22.wav,54144,mono,11025,4.911020408163266,cow
697,dataset/cow/inek_23.wav,49076,mono,22050,2.2256689342403626,cow
698,dataset/cow/inek_24.wav,11914,mono,8012,1.4870194707938094,cow
699,dataset/cow/inek_25.wav,36779,mono,8000,4.597375,cow
700,dataset/cow/inek_26.wav,28800,mono,11025,2.6122448979591835,cow
701,dataset/cow/inek_27.wav,21633,mono,11025,1.9621768707482994,cow
702,dataset/cow/inek_28.wav,23009,mono,11025,2.086984126984127,cow
703,dataset/cow/inek_29.wav,45094,mono,22050,2.0450793650793653,cow
704,dataset/cow/inek_2.wav,39040,mono,22050,1.7705215419501135,cow
705,dataset/cow/inek_30.wav,17280,mono,11025,1.5673469387755101,cow
706,dataset/cow/inek_31.wav,100864,mono,22050,4.574331065759637,cow
707,dataset/cow/inek_32.wav,24616,mono,11025,2.2327437641723358,cow
708,dataset/cow/inek_33.wav,22912,mono,11025,2.078185941043084,cow
709,dataset/cow/inek_34.wav,17494,stereo,11025,1.5867573696145125,cow
710,dataset/cow/inek_35.wav,16128,mono,11025,1.4628571428571429,cow
711,dataset/cow/inek_36.wav,18751,mono,11025,1.7007709750566893,cow
712,dataset/cow/inek_37.wav,8463,mono,11025,0.7676190476190476,cow
713,dataset/cow/inek_38.wav,29311,mono,11025,2.65859410430839,cow
714,dataset/cow/inek_39.wav,68479,mono,8000,8.559875,cow
715,dataset/cow/inek_3.wav,89344,mono,11025,8.103764172335602,cow
716,dataset/cow/inek_40.wav,111995,mono,16000,6.9996875,cow
717,dataset/cow/inek_41.wav,23273,mono,11025,2.1109297052154194,cow
718,dataset/cow/inek_42.wav,11049,mono,11025,1.0021768707482994,cow
719,dataset/cow/inek_43.wav,34560,mono,11025,3.1346938775510202,cow
720,dataset/cow/inek_44.wav,42943,mono,22050,1.9475283446712017,cow
721,dataset/cow/inek_45.wav,35561,mono,22050,1.6127437641723357,cow
722,dataset/cow/inek_46.wav,113490,mono,44100,2.573469387755102,cow
723,dataset/cow/inek_47.wav,19584,mono,11025,1.7763265306122449,cow
724,dataset/cow/inek_48.wav,18921,mono,8000,2.365125,cow
725,dataset/cow/inek_49.wav,16432,mono,8000,2.054,cow
726,dataset/cow/inek_4.wav,125696,stereo,22050,5.7004988662131515,cow
727,dataset/cow/inek_50.wav,45568,mono,22255,2.0475398786789487,cow
728,dataset/cow/inek_51.wav,25331,mono,22050,1.148798185941043,cow
729,dataset/cow/inek_52.wav,49302,mono,11025,4.471836734693878,cow
730,dataset/cow/inek_53.wav,15705,mono,8000,1.963125,cow
731,dataset/cow/inek_54.wav,57600,mono,11025,5.224489795918367,cow
732,dataset/cow/inek_55.wav,34560,mono,11025,3.1346938775510202,cow
733,dataset/cow/inek_56.wav,17958,mono,11025,1.628843537414966,cow
734,dataset/cow/inek_57.wav,10758,mono,8000,1.34475,cow
735,dataset/cow/inek_58.wav,28800,mono,11025,2.6122448979591835,cow
736,dataset/cow/inek_59.wav,15996,mono,8000,1.9995,cow
737,dataset/cow/inek_5.wav,37039,mono,8000,4.629875,cow
738,dataset/cow/inek_60.wav,16374,mono,11025,1.4851700680272109,cow
739,dataset/cow/inek_61.wav,30249,mono,22050,1.3718367346938776,cow
740,dataset/cow/inek_62.wav,24192,mono,16000,1.512,cow
741,dataset/cow/inek_63.wav,16888,mono,8000,2.111,cow
742,dataset/cow/inek_64.wav,31164,mono,11025,2.8266666666666667,cow
743,dataset/cow/inek_65.wav,49302,mono,11025,4.471836734693878,cow
744,dataset/cow/inek_66.wav,23009,mono,11025,2.086984126984127,cow
745,dataset/cow/inek_67.wav,18301,mono,8000,2.287625,cow
746,dataset/cow/inek_68.wav,57600,mono,11025,5.224489795918367,cow
747,dataset/cow/inek_69.wav,20736,mono,11025,1.8808163265306121,cow
748,dataset/cow/inek_6.wav,38577,mono,22050,1.7495238095238095,cow
749,dataset/cow/inek_70.wav,12799,mono,8000,1.599875,cow
750,dataset/cow/inek_71.wav,30964,stereo,16000,1.93525,cow
751,dataset/cow/inek_72.wav,37312,mono,22050,1.692154195011338,cow
752,dataset/cow/inek_73.wav,37312,mono,22050,1.692154195011338,cow
753,dataset/cow/inek_74.wav,34048,mono,22050,1.5441269841269842,cow
754,dataset/cow/inek_75.wav,49302,mono,11025,4.471836734693878,cow
755,dataset/cow/inek_7.wav,8463,mono,11025,0.7676190476190476,cow
756,dataset/cow/inek_8.wav,84100,mono,22050,3.8140589569161,cow
757,dataset/cow/inek_9.wav,28928,mono,22050,1.3119274376417234,cow
758,dataset/background/1-28135-B-11.wav,220500,mono,44100,5.0,background
759,dataset/background/3-163607-A-13.wav,220500,mono,44100,5.0,background
760,dataset/background/2-52001-A-28.wav,220500,mono,44100,5.0,background
761,dataset/background/1-46353-A-49.wav,220500,mono,44100,5.0,background
762,dataset/background/2-139748-A-15.wav,220500,mono,44100,5.0,background
763,dataset/background/1-64398-B-41.wav,220500,mono,44100,5.0,background
764,dataset/background/1-260640-A-2.wav,220500,mono,44100,5.0,background
765,dataset/background/1-51170-A-18.wav,220500,mono,44100,5.0,background
766,dataset/background/2-92978-A-29.wav,220500,mono,44100,5.0,background
767,dataset/background/5-237315-A-31.wav,220500,mono,44100,5.0,background
768,dataset/background/5-218196-B-27.wav,220500,mono,44100,5.0,background
769,dataset/background/3-166324-A-15.wav,220500,mono,44100,5.0,background
770,dataset/background/3-142005-A-10.wav,220500,mono,44100,5.0,background
771,dataset/background/2-102852-A-11.wav,220500,mono,44100,5.0,background
772,dataset/background/3-97909-A-49.wav,220500,mono,44100,5.0,background
773,dataset/background/4-189836-A-22.wav,220500,mono,44100,5.0,background
774,dataset/background/3-151557-A-28.wav,220500,mono,44100,5.0,background
775,dataset/background/4-204119-A-39.wav,220500,mono,44100,5.0,background
776,dataset/background/3-142604-A-24.wav,220500,mono,44100,5.0,background
777,dataset/background/2-123896-A-24.wav,220500,mono,44100,5.0,background
778,dataset/background/4-181286-A-10.wav,220500,mono,44100,5.0,background
779,dataset/background/3-155659-A-34.wav,220500,mono,44100,5.0,background
780,dataset/background/3-107123-A-26.wav,220500,mono,44100,5.0,background
781,dataset/background/3-108677-A-18.wav,220500,mono,44100,5.0,background
782,dataset/background/3-87936-B-46.wav,220500,mono,44100,5.0,background
783,dataset/background/4-204618-A-11.wav,220500,mono,44100,5.0,background
784,dataset/background/2-66637-B-20.wav,220500,mono,44100,5.0,background
785,dataset/background/4-205526-B-23.wav,220500,mono,44100,5.0,background
786,dataset/background/3-153444-A-32.wav,220500,mono,44100,5.0,background
787,dataset/background/5-199284-B-45.wav,220500,mono,44100,5.0,background
788,dataset/background/3-141240-B-44.wav,220500,mono,44100,5.0,background
789,dataset/background/2-56926-A-46.wav,220500,mono,44100,5.0,background
790,dataset/background/3-203377-A-39.wav,220500,mono,44100,5.0,background
791,dataset/background/2-108760-A-14.wav,220500,mono,44100,5.0,background
792,dataset/background/3-132340-A-37.wav,220500,mono,44100,5.0,background
793,dataset/background/2-155801-A-11.wav,220500,mono,44100,5.0,background
794,dataset/background/5-187201-A-4.wav,220500,mono,44100,5.0,background
795,dataset/background/4-107117-A-33.wav,220500,mono,44100,5.0,background
796,dataset/background/5-160614-F-48.wav,220500,mono,44100,5.0,background
797,dataset/background/2-109231-C-9.wav,220500,mono,44100,5.0,background
798,dataset/background/3-124925-A-9.wav,220500,mono,44100,5.0,background
799,dataset/background/2-76408-D-22.wav,220500,mono,44100,5.0,background
800,dataset/background/3-100024-A-27.wav,220500,mono,44100,5.0,background
801,dataset/background/2-83688-A-34.wav,220500,mono,44100,5.0,background
802,dataset/background/2-141681-B-36.wav,220500,mono,44100,5.0,background
803,dataset/background/5-242490-A-14.wav,220500,mono,44100,5.0,background
804,dataset/background/1-208757-E-2.wav,220500,mono,44100,5.0,background
805,dataset/background/3-166125-A-23.wav,220500,mono,44100,5.0,background
806,dataset/background/1-51805-B-33.wav,220500,mono,44100,5.0,background
807,dataset/background/1-42139-A-38.wav,220500,mono,44100,5.0,background
808,dataset/background/1-17295-A-29.wav,220500,mono,44100,5.0,background
809,dataset/background/1-57316-A-13.wav,220500,mono,44100,5.0,background
810,dataset/background/5-198411-A-20.wav,220500,mono,44100,5.0,background
811,dataset/background/1-54084-A-42.wav,220500,mono,44100,5.0,background
812,dataset/background/2-104105-A-19.wav,220500,mono,44100,5.0,background
813,dataset/background/3-188726-A-35.wav,220500,mono,44100,5.0,background
814,dataset/background/4-179836-A-34.wav,220500,mono,44100,5.0,background
815,dataset/background/5-243773-B-44.wav,220500,mono,44100,5.0,background
816,dataset/background/2-77945-A-41.wav,220500,mono,44100,5.0,background
817,dataset/background/5-242932-A-26.wav,220500,mono,44100,5.0,background
818,dataset/background/4-185575-B-20.wav,220500,mono,44100,5.0,background
819,dataset/background/4-119720-A-18.wav,220500,mono,44100,5.0,background
820,dataset/background/5-207781-A-17.wav,220500,mono,44100,5.0,background
821,dataset/background/3-103401-A-33.wav,220500,mono,44100,5.0,background
822,dataset/background/4-128659-A-33.wav,220500,mono,44100,5.0,background
823,dataset/background/4-172377-A-17.wav,220500,mono,44100,5.0,background
824,dataset/background/3-146186-A-44.wav,220500,mono,44100,5.0,background
825,dataset/background/3-144827-B-11.wav,220500,mono,44100,5.0,background
826,dataset/background/3-126113-A-26.wav,220500,mono,44100,5.0,background
827,dataset/background/5-260875-A-35.wav,220500,mono,44100,5.0,background
828,dataset/background/1-13571-A-46.wav,220500,mono,44100,5.0,background
829,dataset/background/3-197435-A-22.wav,220500,mono,44100,5.0,background
830,dataset/background/4-215635-A-34.wav,220500,mono,44100,5.0,background
831,dataset/background/4-251959-A-47.wav,220500,mono,44100,5.0,background
832,dataset/background/2-82538-A-21.wav,220500,mono,44100,5.0,background
833,dataset/background/4-145081-A-9.wav,220500,mono,44100,5.0,background
834,dataset/background/5-160551-A-42.wav,220500,mono,44100,5.0,background
835,dataset/background/5-215172-A-13.wav,220500,mono,44100,5.0,background
836,dataset/background/2-126756-A-29.wav,220500,mono,44100,5.0,background
837,dataset/background/3-111102-A-46.wav,220500,mono,44100,5.0,background
838,dataset/background/102305-6-0-0.wav,115101,stereo,44100,2.61,background
839,dataset/background/103074-7-0-1.wav,192000,stereo,48000,4.0,background
840,dataset/background/103074-7-0-2.wav,192000,stereo,48000,4.0,background
841,dataset/background/103074-7-1-0.wav,192000,stereo,48000,4.0,background
842,dataset/background/103074-7-1-1.wav,192000,stereo,48000,4.0,background
843,dataset/background/103074-7-1-2.wav,192000,stereo,48000,4.0,background
844,dataset/background/103074-7-1-6.wav,192000,stereo,48000,4.0,background
845,dataset/background/103074-7-2-0.wav,66240,stereo,48000,1.38,background
846,dataset/background/103074-7-3-1.wav,192000,stereo,48000,4.0,background
847,dataset/background/103074-7-4-1.wav,192000,stereo,48000,4.0,background
848,dataset/background/103074-7-4-2.wav,192000,stereo,48000,4.0,background
849,dataset/background/103074-7-4-5.wav,192000,stereo,48000,4.0,background
850,dataset/background/103258-5-0-1.wav,192000,stereo,48000,4.0,background
851,dataset/background/103258-5-0-12.wav,192000,stereo,48000,4.0,background
852,dataset/background/103258-5-0-14.wav,192000,stereo,48000,4.0,background
853,dataset/background/103258-5-0-19.wav,192000,stereo,48000,4.0,background
854,dataset/background/103258-5-0-2.wav,192000,stereo,48000,4.0,background
855,dataset/background/103258-5-0-3.wav,192000,stereo,48000,4.0,background
856,dataset/background/103258-5-0-8.wav,192000,stereo,48000,4.0,background
857,dataset/background/105415-2-0-15.wav,192000,stereo,48000,4.0,background
858,dataset/background/105415-2-0-21.wav,192000,stereo,48000,4.0,background
859,dataset/background/106905-8-0-3.wav,176400,stereo,44100,4.0,background
860,dataset/background/108041-9-0-11.wav,192000,stereo,48000,4.0,background
861,dataset/background/108041-9-0-2.wav,192000,stereo,48000,4.0,background
862,dataset/background/108041-9-0-5.wav,192000,stereo,48000,4.0,background
863,dataset/background/108041-9-0-6.wav,192000,stereo,48000,4.0,background
864,dataset/background/108041-9-0-7.wav,192000,stereo,48000,4.0,background
865,dataset/background/108041-9-0-9.wav,192000,stereo,48000,4.0,background
866,dataset/background/108362-2-0-11.wav,192000,stereo,48000,4.0,background
867,dataset/background/108362-2-0-12.wav,192000,stereo,48000,4.0,background
868,dataset/background/108362-2-0-21.wav,192000,stereo,48000,4.0,background
869,dataset/background/108362-2-0-23.wav,192000,stereo,48000,4.0,background
870,dataset/background/108362-2-0-29.wav,192000,stereo,48000,4.0,background
871,dataset/background/108362-2-0-9.wav,192000,stereo,48000,4.0,background
872,dataset/background/113205-5-0-0.wav,311040,stereo,96000,3.24,background
873,dataset/background/113205-5-1-5.wav,384000,stereo,96000,4.0,background
874,dataset/background/113205-5-1-6.wav,384000,stereo,96000,4.0,background
875,dataset/background/113205-5-1-8.wav,384000,stereo,96000,4.0,background
876,dataset/background/118279-8-0-0.wav,192000,stereo,48000,4.0,background
877,dataset/background/118279-8-0-10.wav,192000,stereo,48000,4.0,background
878,dataset/background/118279-8-0-11.wav,192000,stereo,48000,4.0,background
879,dataset/background/118279-8-0-4.wav,192000,stereo,48000,4.0,background
880,dataset/background/118279-8-0-6.wav,192000,stereo,48000,4.0,background
881,dataset/background/118279-8-0-9.wav,192000,stereo,48000,4.0,background
882,dataset/background/119455-5-0-0.wav,192000,stereo,48000,4.0,background
883,dataset/background/119455-5-0-2.wav,192000,stereo,48000,4.0,background
884,dataset/background/119455-5-0-4.wav,192000,stereo,48000,4.0,background
885,dataset/background/119455-5-0-5.wav,192000,stereo,48000,4.0,background
886,dataset/background/119455-5-0-7.wav,192000,stereo,48000,4.0,background
887,dataset/background/124489-9-0-12.wav,176400,stereo,44100,4.0,background
888,dataset/background/124489-9-0-17.wav,176400,stereo,44100,4.0,background
889,dataset/background/127873-0-0-0.wav,97920,mono,48000,2.04,background
890,dataset/background/132016-9-0-0.wav,176400,stereo,44100,4.0,background
891,dataset/background/132016-9-0-11.wav,176400,stereo,44100,4.0,background
892,dataset/background/132016-9-0-20.wav,176400,stereo,44100,4.0,background
893,dataset/background/134717-0-0-0.wav,176400,stereo,44100,4.0,background
894,dataset/background/134717-0-0-1.wav,176400,stereo,44100,4.0,background
895,dataset/background/134717-0-0-15.wav,176400,stereo,44100,4.0,background
896,dataset/background/134717-0-0-18.wav,176400,stereo,44100,4.0,background
897,dataset/background/134717-0-0-22.wav,176400,stereo,44100,4.0,background
898,dataset/background/134717-0-0-28.wav,176400,stereo,44100,4.0,background
899,dataset/background/134717-0-0-4.wav,176400,stereo,44100,4.0,background
900,dataset/background/134717-0-0-5.wav,176400,stereo,44100,4.0,background
901,dataset/background/134717-0-0-7.wav,176400,stereo,44100,4.0,background
902,dataset/background/134717-0-0-8.wav,176400,stereo,44100,4.0,background
903,dataset/background/134717-0-0-9.wav,176400,stereo,44100,4.0,background
904,dataset/background/135776-2-0-37.wav,192000,stereo,48000,4.0,background
905,dataset/background/135776-2-0-40.wav,192000,stereo,48000,4.0,background
906,dataset/background/135776-2-0-50.wav,192000,stereo,48000,4.0,background
907,dataset/background/137156-9-0-30.wav,176400,stereo,44100,4.0,background
